source,target
C00035077,33276
C00035564,70478
C00002116,9107
C00001188,151
C00030810,152
C00007306,4170
C00002686,2404
C00019627,9532
C00001359,18050
C00001191,422
C00001427,8613
C00007223,15996
C00007279,16000
C00019552,16001
C00019347,16027
C00019693,16332
C00007444,16335
C00019698,17748
C00001163,17754
C00003648,16113
C00019681,4139
C00001511,17821
C00048438,17824
C00029532,16667
C00007314,16199
C00019353,16761
C00007392,15343
C00007458,15344
C00007258,15346
C00007298,15354
C00001398,16414
C00000736,18094
C00019682,16265
C00001361,15428
C00019343,16908
C00001176,15366
C00019546,15380
C00000848,16584
C00001198,16995
C00003060,10334
C00007623,16530
C00007503,18405
C00001396,16828
C00001186,16891
C00007311,16695
C00001490,16708
C00001366,15699
C00001358,16015
C00007560,16108
C00019654,15570
C00001134,17057
C00007294,16057
C00007238,17200
C00001388,17203
C00007251,15637
C00001393,17115
C00001428,17148
C00001501,16235
C00007413,5445
C00031480,16971
C00001552,17015
C00001183,18012
C00001378,18019
C00019545,16474
C00019346,16497
C00001136,17716
C00001351,17561
C00007280,15499
C00001379,16643
C00007313,17659
C00007446,17980
C00001151,17992
C00001377,15603
C00001518,16856
C00001394,16857
C00001122,17925
C00001126,4208
C00035187,16731
C00002413,122
C00007296,17111
C00001341,17196
C00007224,17202
C00007229,15919
C00000208,15940
C00007260,15531
C00001150,17164
C00000388,15843
C00007256,15846
C00001400,17431
C00038791,17450
C00002660,17254
C00001384,15729
C00001205,15741
C00001233,15756
C00030479,15756
C00001333,16958
C00001332,16977
C00019635,17345
C00000128,1890
C00001365,17588
C00000446,18435
C00007530,26836
C00001363,15971
C00001386,17295
C00019686,17621
C00007408,26078
C00007249,20506
C00002682,30816
C00019675,30831
C00001178,30832
C00033964,30838
C00007563,30841
C00000151,30845
C00001177,32805
C00001218,30776
C00001387,30913
C00000769,30915
C00007482,29042
C00007564,29052
C00032409,32934
C00007246,15820
C00019561,29888
C00001489,27842
C00000125,29028
C00000486,17637
C00019639,17677
C00001185,32398
C00001342,17053
C00007288,15978
C00019577,15966
C00019352,17985
C00007571,29750
C00001122,4167
C00000127,1865
C00001128,28140
C00030540,34800
C00001128,33980
C00001197,30744
C00000750,30745
C00001182,30751
C00000856,30763
C00007619,30769
C00001180,30772
C00001340,16467
C00001397,17895
C00001221,30805
C00042390,17177
C00019358,16264
C00007291,17750
C00000126,27506
C00023781,28113
C00007389,35374
C00001245,4608
C00001164,17268
C00019632,16666
C00007259,15351
C00007457,17071
C00001500,16238
C00002668,36062
C00007303,33198
C00002644,18135
C00001419,28346
C00001117,37721
C00007250,1989
C00000733,17333
C00007513,17672
C00007445,17709
C00001179,29073
C00000798,44897
C00019549,42111
C00019677,48430
C00035879,41253
C00019662,48854
C00001123,47952
C00001514,46229
C00007347,67040
C00007390,67119
C00007473,52742
C00007461,17497
C00002669,18026
C00002638,18305
C00001187,16831
C00001463,79318
C00003035,16980
C00001192,30797
C00001200,32816
C00001491,15422
C00003769,79068
C00002664,15882
C00018660,28189
C00035801,15405
C00007509,17310
C00000209,17154
C00000207,30746
C00000751,30851
C00000914,62480
C00001502,17368
C00001513,17568
C00017718,78288
C00000756,15956
C00001140,17306
C00019551,17794
C00036093,16175
C00002727,16220
C00007382,30754
C00048311,62755
C00030331,34768
C00007439,79312
C00001488,79317
C00007586,79319
C00007593,79324
C00007350,79347
C00007346,17127
C00001477,79349
C00001486,79352
C00001467,79362
C00001469,79363
C00001481,79367
C00007305,61553
C00024634,78373
C00007545,79311
C00001475,79343
C00007344,79325
C00001473,79326
C00001465,79328
C00001468,79329
C00001479,79331
C00007267,16134
C00019559,15350
C00040822,30764
C00007230,16680
C00007462,15525
C00007290,53455
C00000925,4746
C00001897,7853
C00004696,7855
C00001311,5350
C00001860,5351
C00003429,5355
C00002042,5362
C00003577,5363
C00003290,5374
C00001862,5376
C00003292,5379
C00008607,5381
C00002340,5385
C00002233,8813
C00002108,8821
C00002861,8825
C00001981,8826
C00003014,8832
C00003479,8833
C00003784,8835
C00001911,8836
C00003178,8870
C00002936,8877
C00003015,8880
C00003016,8882
C00003179,8891
C00002112,8896
C00001765,8903
C00003180,8910
C00001913,8912
C00024767,8912
C00001553,8914
C00003727,8919
C00002008,9040
C00003366,9042
C00002624,9044
C00006177,9047
C00003671,9049
C00003184,9054
C00003834,9062
C00002009,9063
C00010791,9074
C00002360,9079
C00002117,9108
C00003551,9110
C00003730,9115
C00001769,9119
C00002673,9126
C00002627,9128
C00001100,9131
C00002628,9149
C00001487,9151
C00013596,9159
C00003384,9959
C00003386,9961
C00003388,9965
C00002271,9970
C00011044,7
C00001792,9
C00001814,10
C00001816,11
C00001834,17
C00003032,19
C00000818,20
C00002336,22
C00002605,24
C00003085,25
C00001882,29
C00010903,31
C00002061,37
C00007190,40
C00002067,43
C00025278,49
C00001919,49
C00003052,53
C00010926,60
C00002523,63
C00002016,75
C00001808,77
C00000609,79
C00001809,80
C00001825,84
C00000844,88
C00000956,90
C00002046,92
C00002547,100
C00002552,105
C00001901,107
C00001169,111
C00001915,113
C00002570,115
C00002072,116
C00002582,123
C00001867,126
C00010873,129
C00002718,614
C00003347,666
C00001291,668
C00003695,712
C00017043,723
C00003464,744
C00003715,748
C00001306,756
C00001918,9163
C00003190,9164
C00002362,9165
C00018055,9168
C00002198,9172
C00002572,9183
C00002259,9184
C00002263,9189
C00002265,9191
C00024934,9196
C00001663,9196
C00001420,2086
C00002720,2106
C00002662,2120
C00002947,2183
C00003884,2197
C00002399,2202
C00002213,3289
C00003227,3302
C00001697,3318
C00003408,3321
C00002944,3327
C00002455,3328
C00003609,3329
C00001700,3332
C00002318,3333
C00002282,3336
C00002283,3337
C00003508,3339
C00001622,3340
C00002873,3344
C00001828,3346
C00000238,3356
C00002419,3357
C00002320,3361
C00000922,3362
C00001995,3364
C00001965,3365
C00001829,3366
C00000328,3369
C00003566,3376
C00003764,3378
C00001703,3384
C00001623,3412
C00001440,3413
C00001566,3417
C00001567,3418
C00001276,3420
C00003681,3427
C00003109,3431
C00002026,3433
C00002372,3439
C00003412,3445
C00001624,3450
C00001626,3454
C00002027,3456
C00001966,3457
C00002909,3461
C00001704,3469
C00001967,3471
C00002216,3474
C00001996,3476
C00011512,3103
C00024481,769
C00001120,4153
C00019683,4251
C00002916,1394
C00001558,1446
C00002401,2209
C00000979,2210
C00003439,5922
C00003440,5923
C00002001,5934
C00002002,5936
C00002093,5941
C00003441,5944
C00001868,5952
C00003152,5955
C00001592,5961
C00003306,5981
C00002886,5983
C00001593,5985
C00001869,5986
C00012474,5993
C00002751,5995
C00001871,5999
C00003442,6003
C00003443,6004
C00002346,6011
C00003307,6019
C00003444,6039
C00003087,6042
C00002887,6053
C00003848,6059
C00001542,6063
C00000974,6068
C00003310,6077
C00002959,6079
C00002222,6081
C00001313,6084
C00029353,6084
C00003446,6086
C00002253,6088
C00002754,6090
C00003447,6091
C00000700,6093
C00002610,6098
C00002929,6110
C00003448,6111
C00001649,6113
C00002998,6114
C00002294,6140
C00002177,6142
C00003001,6144
C00002254,6145
C00003605,3115
C00002189,7315
C00001421,7319
C00002519,4308
C00006180,4310
C00002986,4320
C00003420,4321
C00003176,7883
C00002556,7886
C00003011,7889
C00002706,7892
C00003463,7894
C00001579,7906
C00003752,7919
C00000303,7926
C00002104,7937
C00003886,7947
C00002932,7948
C00002062,7952
C00001167,8029
C00002105,8031
C00002492,8035
C00003539,8036
C00003540,8037
C00001519,8040
C00002765,8043
C00003541,8046
C00002766,8062
C00001954,8109
C00001467,5401
C00007343,5406
C00001481,5416
C00003135,5440
C00002165,5462
C00002166,5479
C00002167,5480
C00003286,5095
C00002990,5096
C00001998,5166
C00002825,5168
C00002473,5169
C00003747,5171
C00003287,5177
C00001728,5178
C00002429,5179
C00002922,5180
C00003773,5186
C00003080,5188
C00001859,5191
C00002039,5192
C00002163,5197
C00024253,5197
C00002040,5199
C00003427,5200
C00000963,5202
C00002604,5203
C00002414,9980
C00003391,9981
C00001782,9985
C00003392,9999
C00003022,10000
C00002504,10001
C00003393,10024
C00001608,10026
C00003202,10032
C00002369,10042
C00001111,10043
C00000313,10061
C00002710,10070
C00003395,10071
C00002505,10073
C00002390,10075
C00003396,10076
C00001929,10084
C00003597,10086
C00003598,10087
C00003736,10105
C00003398,10109
C00003204,10115
C00002684,10117
C00003026,10118
C00003561,10120
C00002011,10122
C00002746,10135
C00002748,10136
C00002764,10137
C00002774,10138
C00002918,10150
C00001979,7102
C00002408,10635
C00003171,8115
C00003258,4817
C00001719,4820
C00001722,4822
C00003621,4830
C00002235,9198
C00003732,9208
C00000256,9209
C00003553,9211
C00003099,9214
C00003554,9228
C00001666,9237
C00001959,9240
C00003484,9244
C00001668,9250
C00000612,9259
C00002303,9291
C00001006,9292
C00002629,9295
C00002780,9299
C00001204,9300
C00001661,8925
C00001292,8995
C00003549,8997
C00002409,8998
C00003362,9013
C00002772,9017
C00003729,9018
C00029674,300
C00010931,300
C00003051,301
C00024501,797
C00000981,847
C00002646,955
C00002497,9019
C00001000,9020
C00001001,9021
C00003754,9025
C00003550,9027
C00003635,9032
C00002113,9037
C00003591,9039
C00002769,8644
C00002858,8646
C00001321,8648
C00001909,8651
C00012419,8652
C00003004,2212
C00002402,2222
C00000953,2245
C00000759,2247
C00020218,2268
C00005004,2301
C00002423,2306
C00000935,2367
C00000936,2368
C00003762,3136
C00002872,3141
C00025777,3149
C00001692,3155
C00001964,3157
C00027305,3164
C00001823,3164
C00027107,3167
C00010268,3170
C00001694,3174
C00000943,3185
C00000944,3186
C00003699,3188
C00003700,3189
C00003701,3190
C00003703,3192
C00001695,3193
C00002024,3195
C00001563,3196
C00003704,3197
C00003678,3198
C00002142,3203
C00003105,3206
C00003226,3208
C00001302,3212
C00003216,2811
C00002210,2819
C00001690,2821
C00002795,2828
C00001586,3530
C00002722,3532
C00001303,3570
C00003228,3574
C00003229,3575
C00003706,3577
C00003708,3579
C00003413,3581
C00002912,3584
C00000240,3624
C00003230,3627
C00001844,4323
C00002463,4324
C00002290,4326
C00003124,4329
C00003125,4343
C00002334,4345
C00002466,4354
C00002945,4360
C00003126,4365
C00003127,4367
C00003128,4368
C00001281,4370
C00002395,4371
C00001632,4381
C00001634,4385
C00001635,4387
C00003571,4389
C00003572,4390
C00001970,4400
C00001636,4402
C00028165,4402
C00002813,4414
C00001971,4427
C00002149,4428
C00003514,4446
C00018719,4454
C00010613,4458
C00003129,4478
C00001243,4488
C00003515,4490
C00001537,4492
C00003357,8661
C00008026,9355
C00002575,9358
C00002121,9361
C00002630,9365
C00002973,9368
C00003100,9370
C00002199,9373
C00002123,9375
C00007328,9380
C00030167,9380
C00000010,9380
C00001771,9385
C00003756,9388
C00003370,9390
C00003371,9394
C00017872,9414
C00001984,9425
C00002864,9427
C00001521,9439
C00001009,9443
C00002939,9454
C00002266,9455
C00000861,9457
C00003193,9477
C00001774,9485
C00018809,9497
C00001921,9512
C00001923,9515
C00003556,9517
C00001924,9519
C00001296,9539
C00018212,9542
C00003065,9583
C00001207,9592
C00025557,9593
C00002304,9593
C00001324,9594
C00003205,2425
C00001524,2431
C00002128,2435
C00002129,2436
C00001356,6211
C00001373,6253
C00001376,6259
C00003626,6345
C00003627,6346
C00001287,6347
C00003159,6350
C00003775,6357
C00003312,6360
C00001594,6368
C00002960,6373
C00003002,6376
C00001650,6378
C00002003,6383
C00002433,6385
C00002098,6388
C00003314,6390
C00003161,6401
C00002659,6403
C00003532,6405
C00002179,6406
C00001256,6408
C00001744,6430
C00003315,6449
C00019581,7125
C00002759,6856
C00001656,7469
C00001890,7480
C00001892,7482
C00001724,4562
C00002617,8173
C00002298,8176
C00000706,8177
C00002618,8178
C00002894,8179
C00002354,8182
C00003783,8183
C00001758,8188
C00003542,8194
C00003172,8196
C00001903,8208
C00002356,8209
C00003469,8211
C00002493,8213
C00000993,8222
C00001319,8223
C00003174,8236
C00002066,8241
C00003055,8244
C00002357,8253
C00002107,8264
C00003471,8265
C00003473,8269
C00000634,8272
C00000264,8278
C00000275,8279
C00002620,8281
C00003665,8286
C00003175,8305
C00003012,8306
C00002562,8329
C00000278,8330
C00023773,8334
C00003668,8334
C00001604,8341
C00003475,8343
C00016804,8353
C00001606,8367
C00002611,6451
C00003658,6453
C00003737,10213
C00003111,10216
C00003112,10217
C00002242,10219
C00003118,10221
C00002393,10222
C00001216,10275
C00000163,10278
C00003130,10280
C00003153,10284
C00001951,10322
C00003673,10333
C00001294,10335
C00003203,10341
C00003738,10352
C00002715,10353
C00003116,10359
C00000920,10362
C00003121,10363
C00003242,10364
C00001114,10366
C00002102,7498
C00001580,8402
C00001085,8410
C00002854,8413
C00002594,1729
C00002595,1730
C00002385,1749
C00002536,1867
C00001801,2688
C00001802,2689
C00001273,2698
C00002016,2702
C00002017,2705
C00001803,2707
C00007315,18023
C00028198,18029
C00024644,18029
C00004961,18030
C00007500,18042
C00002069,18043
C00026498,18048
C00007566,18053
C00000394,15655
C00007567,15664
C00019678,15689
C00001312,453
C00002940,479
C00002899,1926
C00002901,1927
C00002730,1945
C00002593,1959
C00002883,5511
C00003432,5513
C00003433,5515
C00001588,5518
C00005690,5525
C00003579,5528
C00018030,5533
C00003434,5542
C00002653,5545
C00003297,5547
C00003138,5550
C00003139,5552
C00025616,5568
C00009125,5570
C00003523,5577
C00001863,5582
C00001412,5583
C00001571,5600
C00002993,5601
C00002994,5602
C00002341,5604
C00002170,5617
C00002172,5620
C00003083,5625
C00002342,5626
C00001864,5629
C00002380,5630
C00000235,5638
C00003530,5639
C00002090,5643
C00002750,5646
C00003142,5649
C00003143,5654
C00001866,5677
C00002476,5679
C00001642,5684
C00003145,5719
C00001049,5721
C00002884,5726
C00003299,5740
C00002344,5746
C00002535,5754
C00002609,5759
C00000588,6720
C00001950,6721
C00003322,6725
C00002548,6728
C00001141,6731
C00003324,6737
C00001746,6739
C00001790,2444
C00016077,2450
C00002310,2452
C00001791,2487
C00001989,2493
C00003600,2497
C00003497,2500
C00001676,2503
C00000937,2507
C00001014,2512
C00003562,2513
C00002869,2520
C00003697,2522
C00001612,2523
C00001682,2532
C00001798,2538
C00002392,2544
C00001559,2548
C00002013,2568
C00002786,2575
C00002787,2578
C00003069,2592
C00003402,2598
C00002908,2606
C00002415,2608
C00002205,2609
C00002790,2614
C00002791,2615
C00001560,2623
C00001561,2626
C00003210,2629
C00001991,2632
C00002449,2671
C00003231,3679
C00003032,3681
C00001028,3684
C00002806,3686
C00002458,3693
C00003509,3700
C00002217,3705
C00003034,3707
C00002284,3713
C00003414,3741
C00002082,3748
C00001587,4700
C00002817,4704
C00003252,4715
C00002153,4722
C00001713,4739
C00002085,4744
C00002738,4745
C00002820,4748
C00002154,4749
C00002155,4750
C00002335,4765
C00002337,4766
C00001637,4768
C00002739,4771
C00000312,4773
C00002821,4774
C00001716,4776
C00001848,4780
C00002823,4783
C00002426,4789
C00001972,4794
C00002919,4807
C00002987,1995
C00002878,4579
C00007228,4581
C00001246,4614
C00002036,4628
C00001036,4630
C00002469,4656
C00003619,4668
C00003748,5760
C00001415,5762
C00001416,5763
C00001417,5764
C00003147,5768
C00001939,5770
C00002173,5792
C00003301,5817
C00003436,5822
C00001999,5823
C00002829,5835
C00001053,5837
C00001741,5852
C00002345,5854
C00001646,5859
C00001286,5861
C00003531,5865
C00003151,5867
C00001647,5890
C00000164,10417
C00003529,10419
C00001127,10423
C00002836,10429
C00002407,10439
C00003183,10441
C00003186,10443
C00001982,10445
C00003199,10448
C00023748,10542
C00003380,10553
C00002905,10556
C00002159,10562
C00001318,10575
C00003061,10577
C00001329,10580
C00003638,10582
C00000832,6468
C00000833,6468
C00003317,6474
C00003318,6478
C00001447,6483
C00003319,6489
C00002400,6505
C00002295,6506
C00001879,6531
C00001881,6536
C00006231,6553
C00001941,6556
C00013027,6560
C00002182,6565
C00002889,6568
C00003749,6570
C00006611,6584
C00002481,6586
C00001943,6589
C00001944,6591
C00001946,6593
C00001947,6595
C00028509,6595
C00002099,6598
C00002349,6610
C00018092,91030
C00002961,6623
C00003003,6624
C00001884,6625
C00002100,6627
C00002183,6629
C00030074,6631
C00002350,6631
C00002185,6632
C00001949,6634
C00001885,6641
C00025880,6642
C00000591,6643
C00000725,6645
C00002702,6657
C00006886,6665
C00003451,6679
C00003164,6692
C00000584,6695
C00003453,6697
C00002227,6700
C00018987,6714
C00025729,4810
C00003261,4834
C00001850,4837
C00001852,4839
C00001450,7506
C00003007,7520
C00001075,7545
C00003721,7567
C00002059,7571
C00003339,7603
C00002486,7607
C00003722,7609
C00001317,7610
C00003585,8588
C00003586,8590
C00002256,8594
C00002258,8596
C00003354,8599
C00002564,8600
C00002565,8602
C00001759,8621
C00001907,8622
C00001591,5896
C00002091,5897
C00003283,4977
C00001451,8422
C00001267,8473
C00001268,8474
C00000727,8522
C00001453,8525
C00003593,9595
C00003594,9596
C00002239,9601
C00003759,9602
C00003595,9612
C00002268,9630
C00003733,9632
C00002411,9646
C00003019,9657
C00003734,9681
C00003195,9688
C00001671,9696
C00002709,9698
C00002968,7622
C00001657,7626
C00002969,7632
C00002970,7637
C00002971,7638
C00002442,8624
C00002902,8630
C00002494,8632
C00006094,8633
C00002443,8637
C00001320,8643
C00010186,9714
C00003493,9740
C00001804,2721
C00002080,2722
C00002208,2724
C00001613,2726
C00002018,2729
C00001806,2742
C00001932,2743
C00002315,2745
C00001614,2746
C00001438,2747
C00003403,2750
C00002792,2755
C00001615,2759
C00001686,2764
C00003071,2765
C00006610,2772
C00001687,2783
C00002276,2785
C00001688,2787
C00001994,2801
C00002137,2804
C00000173,2848
C00003220,2851
C00003222,2853
C00000940,2871
C00003739,2873
C00001301,2874
C00002316,2879
C00002691,2884
C00003500,2897
C00002022,2901
C00002138,2902
C00002139,2903
C00001812,2906
C00003405,2913
C00002980,2920
C00002135,2921
C00006613,2923
C00002416,2925
C00001617,2934
C00003564,2937
C00001527,2939
C00004684,2941
C00003761,2944
C00001815,2971
C00003808,2980
C00019689,16742
C00019679,16750
C00002966,1228
C00003041,507
C00002782,512
C00002976,514
C00002733,520
C00003661,1307
C00002732,1336
C00002678,1368
C00000551,1369
C00002045,1556
C00001654,6773
C00028576,6773
C00001748,6777
C00001750,6779
C00003751,6783
C00002964,6785
C00002965,6786
C00002296,6800
C00001546,6841
C00002437,6891
C00003326,6915
C00003454,6918
C00003328,6922
C00003329,6926
C00003330,6927
C00003332,6936
C00002550,6937
C00001595,6945
C00001597,6947
C00003662,6949
C00001547,6951
C00003334,6963
C00003455,6989
C00003457,6991
C00002403,6994
C00002843,6999
C00004638,18010
C00002808,3812
C00002459,3828
C00003417,3829
C00001627,3852
C00003235,3854
C00003237,3856
C00002809,3861
C00003568,3863
C00003569,3864
C00002289,3870
C00003238,3882
C00002915,3884
C00001532,3886
C00003239,3888
C00003240,3900
C00001997,3911
C00001569,3914
C00002328,3915
C00002329,3916
C00003768,3918
C00002083,3925
C00002330,3929
C00002032,3931
C00003224,2982
C00003225,2984
C00003406,2987
C00002317,2989
C00001618,2992
C00027924,3000
C00001619,3004
C00025552,3043
C00001818,3065
C00001583,3079
C00001584,3080
C00002417,3094
C00002241,3249
C00002453,3250
C00002588,582
C00001638,4848
C00003771,4851
C00001726,4855
C00001310,4892
C00001309,4896
C00002602,4915
C00003263,4920
C00003264,4921
C00003268,4925
C00003270,4927
C00003271,4928
C00003273,4930
C00003277,4935
C00003278,4937
C00003281,4939
C00003282,4942
C00003709,4944
C00002156,4950
C00002158,4952
C00001639,4970
C00001628,3934
C00003119,3935
C00001533,3937
C00003687,3945
C00003688,3946
C00003692,3951
C00003694,3953
C00001839,3955
C00001841,3957
C00001842,3958
C00002731,3962
C00003419,3985
C00002244,3999
C00003513,4002
C00002245,4021
C00002246,4029
C00002247,4032
C00003613,4037
C00002332,4039
C00002985,4041
C00001062,1579
C00001937,4989
C00002160,4994
C00003746,5016
C00001858,5049
C00002339,5059
C00001640,5061
C00008822,5066
C00000962,5067
C00003517,5069
C00024135,5069
C00002881,5072
C00001729,5238
C00004533,5262
C00001042,5263
C00001410,5265
C00002924,5271
C00001641,5278
C00001731,5283
C00001733,5293
C00002925,5297
C00000321,5298
C00001976,5316
C00002379,5319
C00001978,5320
C00003082,5321
C00002953,5323
C00002954,5324
C00002926,5328
C00003046,5331
C00028300,5338
C00002250,5338
C00002041,5339
C00002977,9746
C00003494,9747
C00001271,9752
C00001927,9774
C00003378,9776
C00001328,9778
C00003381,9783
C00003066,9860
C00011054,9860
C00003021,9861
C00003735,9876
C00002126,9881
C00003558,9908
C00001779,9910
C00002127,9912
C00016646,9914
C00003197,9921
C00003101,9928
C00002201,9935
C00001672,9938
C00002867,9945
C00002203,9946
C00002270,9951
C00003102,9954
C00003383,9956
C00003641,9958
C00002229,7659
C00003723,7713
C00003340,7715
C00001896,7718
C00003009,7732
C00006969,7734
C00001070,7005
C00002004,7012
C00002551,7014
C00002404,7017
C00002703,7020
C00003336,7023
C00003631,7029
C00001601,7030
C00001599,7031
C00001602,7033
C00002761,7055
C00003358,8690
C00003546,8710
C00002444,8731
C00002622,8775
C00002860,8779
C00001755,7767
C00003341,7776
C00003460,7777
C00002892,7779
C00001078,7781
C00028775,7782
C00002763,7785
C00003010,7795
C00002555,7797
C00003343,7806
C00001953,7849
C00001305,18446
C00001258,16007
C00018712,16324
C00019673,16356
C00001390,16357
C00001458,16358
C00002005,7013
C00003165,7016
C00003335,7022
C00003337,7024
C00001422,7034
C00003534,7036
C00001289,7038
C00003510,3825
C00003234,3851
C00003236,3855
C00003570,3865
C00001494,3867
C00002288,3869
C00002876,3872
C00002810,3885
C00002064,8217
C00004895,8224
C00002898,8227
C00002666,8240
C00002232,8243
C00003543,8254
C00023747,17759
C00007297,17764
C00019577,18237
C00001358,18237
C00001408,18243
C00023749,18252
C00019548,16084
C00007237,16085
C00027159,16096
C00001898,16096
C00002756,16104
C00001819,16118
C00001406,4110
C00003545,8484
C00001393,17822
C00000762,17827
C00000123,17835
C00000982,17846
C00007323,16375
C00000830,16377
C00001784,16380
C00024613,16380
C00019694,16171
C00001264,16188
C00001232,16196
C00000570,16200
C00007620,16578
C00007608,17857
C00007536,15537
C00007283,15540
C00001434,16765
C00001331,15334
C00003820,15335
C00001525,15336
C00001278,16423
C00007308,16426
C00000615,16433
C00001446,16441
C00019658,16444
C00019697,16450
C00001530,16822
C00030483,18089
C00007479,16255
C00001352,16283
C00000365,15560
C00007370,15430
C00007369,15431
C00007372,15432
C00007371,15435
C00007373,15437
C00007284,15439
C00003755,15440
C00007282,15441
C00007263,15463
C00001270,9751
C00019653,17892
C00019652,17897
C00000206,16914
C00002221,18328
C00001611,2430
C00002130,2437
C00001961,2443
C00010868,15382
C00000831,15387
C00000814,15389
C00011023,15393
C00011024,15394
C00000819,15396
C00000807,15400
C00007234,15401
C00000828,15403
C00001895,7712
C00025981,7714
C00001754,7720
C00003537,7739
C00002553,7775
C00003342,7783
C00003583,7800
C00002614,7803
C00001630,4377
C00001633,4384
C00002877,4395
C00002248,4399
C00000671,4401
C00002596,4410
C00002150,4435
C00003248,4441
C00000809,15408
C00000810,15409
C00007233,15413
C00007253,15415
C00000881,15417
C00003654,16587
C00028005,16592
C00019544,16593
C00007460,16595
C00001431,16610
C00007480,16996
C00019637,17013
C00002305,9755
C00002200,9768
C00002240,9770
C00001327,9777
C00002679,9780
C00002125,9782
C00002367,9786
C00030472,16148
C00003348,8041
C00003422,4660
C00002084,4701
C00002818,4718
C00002152,4721
C00002819,4723
C00003589,9038
C00002623,9041
C00001955,9043
C00002625,9048
C00001098,9050
C00002302,9059
C00001099,9061
C00001956,9085
C00001768,9104
C00002115,9106
C00002118,9109
C00002119,9111
C00001662,9114
C00001957,9120
C00002626,9127
C00002361,9132
C00002260,9185
C00001059,18330
C00001156,18333
C00019665,18337
C00025138,801
C00000320,5299
C00001974,5314
C00002747,5352
C00000730,18198
C00000780,18203
C00002301,15742
C00003360,8770
C00002859,8773
C00001322,8778
C00003477,8810
C00002109,8822
C00002904,8824
C00003177,8827
C00002234,8837
C00002194,8839
C00002388,8851
C00001912,8886
C00003547,8901
C00003480,8904
C00002937,8911
C00003587,8913
C00002196,8917
C00001300,10046
C00001928,10083
C00000642,10088
C00001789,10093
C00003025,10106
C00001460,10111
C00000091,16522
C00003352,8268
C00002358,8270
C00002852,8273
C00003096,8275
C00003474,8277
C00001603,8340
C00001605,8342
C00003044,4949
C00002157,4951
C00002338,4954
C00001973,4962
C00002742,4966
C00002038,4969
C00001285,4973
C00003285,4983
C00001936,4988
C00026485,9287
C00003659,18378
C00003817,18388
C00027603,18399
C00007383,18406
C00001137,18411
C00003449,1182
C00001444,5578
C00001865,5637
C00002475,5640
C00002089,5642
C00003623,5644
C00003140,5647
C00003625,5650
C00018685,18255
C00001384,18257
C00007489,18267
C00003131,10418
C00000912,16833
C00007541,16893
C00002257,8595
C00001660,8601
C00003355,8606
C00002856,8608
C00018666,8612
C00002972,8617
C00002192,8625
C00001908,8634
C00002857,8645
C00003013,8647
C00001730,5239
C00002164,5266
C00003081,5277
C00003289,5281
C00018795,5292
C00001734,5294
C00003194,9578
C00002267,9629
C00003376,9631
C00002580,9643
C00002410,9645
C00000600,9647
C00002412,9656
C00002124,9672
C00002677,9687
C00001777,9693
C00002865,9697
C00001457,9717
C00001926,9723
C00003716,5860
C00003150,5866
C00002477,5885
C00002092,5935
C00003305,5942
C00001940,5945
C00001541,16700
C00001837,16714
C00001910,16718
C00019550,15694
C00000582,15709
C00009553,15712
C00002776,15714
C00003650,17030
C00023751,17038
C00025268,17041
C00002120,9360
C00002075,9367
C00001102,9369
C00002122,9374
C00001772,9386
C00001105,9400
C00003758,9402
C00002364,9417
C00003488,9419
C00001983,9424
C00002938,9433
C00018683,17293
C00025262,16777
C00027522,16777
C00002584,16786
C00001887,30
C00002055,32
C00003468,39
C00003054,41
C00002631,47
C00003154,62
C00001831,64
C00001063,6146
C00001370,18095
C00007222,18107
C00001555,18123
C00003581,15574
C00003590,15578
C00003563,15579
C00001181,15584
C00000002,17052
C00000783,17056
C00000148,16053
C00026478,17362
C00018716,17371
C00017999,15871
C00000118,15874
C00002306,15884
C00002648,17189
C00001374,17191
C00000846,17211
C00000400,15628
C00007248,15633
C00019687,15638
C00007252,15641
C00001433,18139
C00019661,15784
C00006995,15789
C00026092,17129
C00019684,17140
C00029462,16135
C00019557,16141
C00027432,17458
C00003719,16226
C00002656,17594
C00000094,17660
C00000864,17695
C00030758,17700
C00001544,17213
C00007475,17232
C00002665,16204
C00026087,16233
C00019560,16236
C00001158,17541
C00003578,5364
C00000965,5368
C00003291,5375
C00001045,5380
C00007345,5395
C00001466,5400
C00001471,5405
C00002168,5497
C00026245,5497
C00002438,2110
C00001743,6429
C00002480,6450
C00002051,6507
C00006392,16631
C00000757,16691
C00019674,16704
C00007293,16710
C00001251,5660
C00002995,5676
C00003144,5678
C00001445,5687
C00024908,5690
C00001643,5690
C00028344,5690
C00001413,5712
C00002827,5715
C00002533,5718
C00002608,5722
C00003146,5727
C00000134,2365
C00003930,2382
C00027972,2414
C00001609,2414
C00002012,2471
C00001674,2488
C00001988,2492
C00001990,2494
C00000546,2504
C00002507,2506
C00002906,2508
C00002687,2516
C00002054,6703
C00001886,6705
C00003533,6713
C00003323,6726
C00002187,6735
C00002188,6738
C00001747,6740
C00002760,6877
C00007227,16927
C00007312,17001
C00019584,17012
C00007302,17025
C00000776,17069
C00007386,37736
C00003162,6530
C00001880,6535
C00002888,6540
C00001448,6542
C00002838,6554
C00001942,6557
C00001449,6559
C00002181,6564
C00000212,6567
C00002755,6575
C00001652,6587
C00003740,3086
C00000782,3088
C00001620,3097
C00002252,5960
C00003086,5967
C00002539,5970
C00002540,5972
C00002094,5977
C00027550,5980
C00003717,5987
C00000972,5994
C00001872,6000
C00002831,6002
C00002175,6008
C00002019,2813
C00001962,2815
C00002211,2820
C00003498,2822
C00001526,2825
C00027516,2825
C00002979,2827
C00003217,2829
C00001811,2842
C00003219,2850
C00003221,2852
C00003603,2867
C00002639,2870
C00003404,2872
C00017731,2880
C00001507,17939
C00007610,17957
C00019649,18041
C00007469,18051
C00000109,18086
C00002525,18088
C00010889,17304
C00000581,17377
C00003763,3375
C00001702,3382
C00003680,3426
C00001343,6198
C00007514,18534
C00002688,2518
C00001678,2524
C00003400,2527
C00001793,2529
C00001681,2531
C00002204,2547
C00002311,2551
C00003401,2565
C00007758,2672
C00001992,2680
C00000575,18293
C00001414,18295
C00007483,18297
C00003465,8116
C00002896,8198
C00003724,8203
C00003349,8205
C00002355,8207
C00003223,2933
C00003503,2936
C00000563,18227
C00001528,18230
C00002805,3685
C00001531,3692
C00002421,3701
C00002147,3703
C00003033,3706
C00001799,17390
C00002719,17417
C00025619,16387
C00024480,17699
C00001195,17710
C00018088,17711
C00002768,8393
C00003544,8414
C00003753,8416
C00001452,8423
C00001266,8475
C00026115,14027
C00002514,3908
C00003684,3942
C00003686,3944
C00003693,3952
C00002033,3954
C00001840,3956
C00027627,3961
C00007675,17484
C00002293,17486
C00001497,17489
C00001162,17505
C00002530,16470
C00001371,17780
C00030694,17781
C00007368,17791
C00007478,17805
C00000660,17818
C00007289,18144
C00008027,18149
C00007497,18150
C00001029,16514
C00014894,16535
C00002661,16536
C00007405,16540
C00001152,16551
C00004962,16557
C00000763,17717
C00016287,17721
C00007531,18072
C00019696,18075
C00019695,18077
C00000110,17545
C00003047,17580
C00000734,17582
C00007614,17582
C00001404,17902
C00019651,16647
C00001071,18152
C00000175,18153
C00007442,18160
C00007496,17642
C00029811,17987
C00000947,15600
C00002785,16866
C00003725,8691
C00001822,3148
C00027304,3148
C00000842,3151
C00001691,3154
C00001693,3156
C00003104,3159
C00001585,3161
C00008031,3163
C00002025,3202
C00002143,3204
C00001824,3211
C00000576,18358
C00000548,18365
C00003077,18370
C00007510,18372
C00007367,16653
C00030880,17935
C00019664,17947
C00000677,17948
C00001055,17965
C00007391,17973
C00002532,15649
C00003652,16933
C00023755,16933
C00007604,16946
C00002495,8920
C00001766,8922
C00003410,3429
C00002721,3432
C00002799,3446
C00002321,3451
C00001625,3453
C00002800,3455
C00001833,3458
C00003705,3460
C00002910,3462
C00003076,3465
C00001705,3470
C00001568,3475
C00001706,3477
C00002322,132335
C00003113,3531
C00001835,3533
C00002323,3536
C00007295,18425
C00001244,4489
C00001536,4491
C00002151,4512
C00003078,4517
C00002736,4559
C00002988,4573
C00002879,4582
C00003576,4629
C00002600,4645
C00003743,4652
C00001738,5741
C00003149,5805
C00000791,5810
C00001348,16349
C00001339,16399
C00003644,16422
C00001673,583
C00002717,613
C00003483,9205
C00003552,9210
C00002446,9213
C00003368,9227
C00001664,9234
C00001667,9238
C00002363,9243
C00001323,9246
C00001239,9261
C00003369,9276
C00000901,15208
C00002037,4289
C00002333,4311
C00003244,4314
C00002465,4353
C00002592,4361
C00001280,4366
C00003430,5512
C00003431,5514
C00002606,5517
C00001589,5519
C00002992,5522
C00003293,5527
C00003294,5529
C00003295,5532
C00002749,5534
C00003296,5536
C00003137,5539
C00002169,5541
C00003382,9906
C00001780,9911
C00003640,9913
C00001330,9916
C00001033,3719
C00017761,3734
C00002984,3740
C00001493,3747
C00003232,3768
C00002326,3804
C00002875,3806
C00002712,470
C00030143,4728
C00011153,4775
C00001717,4777
C00003255,4793
C00028244,4803
C00002773,9031
C00001455,9033
C00003017,9035
C00002725,16731
C00002292,16794
C00001160,16813
C00018630,14158
C00002579,9507
C00001920,9509
C00001670,9511
C00027494,9514
C00001922,9514
C00001010,9518
C00003302,5824
C00003303,5824
C00003304,5826
C00001644,5831
C00002997,5833
C00002010,10121
C00003495,10123
C00002272,10130
C00003512,3987
C00003123,4001
C00009558,4019
C00003243,4038
C00002811,4040
C00002812,4044
C00002506,73
C00027281,76
C00001807,76
C00001689,78
C00002546,99
C00000850,104
C00001914,112
C00027481,112
C00002071,114
C00010932,128
C00001039,5065
C00001938,5068
C00003772,5087
C00002428,5092
C00002162,5094
C00002744,5160
C00002824,5167
C00010597,6365
C00002223,6369
C00003628,6371
C00004534,1602
C00001307,4813
C00003257,4816
C00003259,4818
C00001720,4821
C00001723,4823
C00002397,4829
C00003260,4833
C00001851,4838
C00027353,4838
C00001855,4850
C00001725,4854
C00003265,4922
C00003267,4924
C00003269,4926
C00003272,4929
C00003274,4931
C00003275,4933
C00003279,4938
C00003745,4940
C00002086,4943
C00002048,6023
C00003309,6064
C00001873,6066
C00001375,6072
C00002176,6082
C00003445,6085
C00001874,6087
C00001648,6089
C00002049,6092
C00000701,6094
C00001060,6099
C00001573,6101
C00001543,6112
C00003000,6117
C00003181,10440
C00003189,10444
C00001535,17074
C00007501,17083
C00007477,17094
C00001883,17101
C00001295,9538
C00001775,9543
C00001985,9548
C00007499,15749
C00000770,15753
C00003088,15771
C00007662,15774
C00007239,15819
C00007471,15836
C00007583,15842
C00012601,15861
C00001019,15932
C00007385,15961
C00001208,17418
C00007498,17482
C00002499,17488
C00007264,15511
C00007281,15518
C00003160,6381
C00003450,6386
C00001876,6389
C00028454,6389
C00001877,6391
C00002178,6404
C00002050,6409
C00002479,6411
C00020637,6417
C00008992,6417
C00007562,17158
C00023744,17168
C00001131,17173
C00001917,17183
C00024663,17183
C00007672,17520
C00001418,16881
C00007493,16886
C00000764,16894
C00001165,16899
C00007316,16900
C00000758,15830
C00002652,15834
C00000845,17447
C00001548,17249
C00021799,17251
C00019281,17256
C00003663,17263
C00027673,15716
C00000366,15720
C00007404,15725
C00018127,15738
C00007492,15745
C00001435,15760
C00007447,15763
C00001357,15765
C00019633,15769
C00001110,16954
C00007244,16955
C00003675,17347
C00001224,17351
C00001399,15851
C00002193,15854
C00007265,15859
C00000572,16159
C00002670,16164
C00003148,709
C00016800,724
C00004960,17875
C00000305,17919
C00001173,17924
C00002219,1996
C00002422,2007
C00007407,17270
C00002657,17597
C00007542,17600
C00001986,9922
C00002202,9936
C00005099,9941
C00002269,9947
C00002783,132853
C00003385,9960
C00003387,9962
C00003390,9967
C00002368,9969
C00001786,10015
C00001175,10017
C00001788,10019
C00002585,10037
C00001987,10039
C00002634,10044
C00001653,6590
C00001945,6592
C00001948,6597
C00001575,6600
C00011201,6604
C00002612,6644
C00001745,6646
C00002434,6656
C00001227,6673
C00002840,6689
C00003452,6696
C00007615,15899
C00019685,15905
C00018437,15906
C00024667,15920
C00019434,15925
C00000219,15929
C00004631,16243
C00000257,17678
C00030410,17687
C00011617,10225
C00003744,10274
C00001721,10276
C00024459,6941
C00001596,6946
C00001598,6948
C00001752,6957
C00003333,6962
C00003089,6988
C00003456,6990
C00003611,3555
C00001935,3560
C00001274,2015
C00002655,2022
C00003781,7540
C00018750,7569
C00002060,7579
C00003338,7600
C00002726,1728
C00007451,18283
C00007417,18300
C00026453,18344
C00026494,18344
C00001424,18357
C00023776,18364
C00008991,11412
C00007235,11412
C00002418,3248
C00001696,3287
C00002716,3293
C00001698,3322
C00002420,3368
C00002297,7631
C00000599,7639
C00002006,7658
C00002921,10550
C00001963,2983
C00002140,2985
C00002212,2990
C00000325,2996
C00001562,3005
C00002279,3007
C00001817,3063
C00018078,3070
C00002967,6995
C00002844,7000
C00007403,18183
C00001397,18186
C00001058,18200
C00004767,18215
C00004988,2160
C00001540,2195
C00000950,2246
C00002803,2256
C00000971,2267
C00004011,2305
C00003247,2313
C00002841,2336
C00001659,7807
C00001079,7854
C00002231,7905
C00001969,3569
C00001707,3576
C00003707,3578
C00002457,3580
C00002911,3583
C00002802,3595
C00002007,7909
C00003584,7932
C00003344,7938
C00010645,7941
C00003346,7943
C00002191,7949
C00026252,7949
C00002078,2697
C00002207,2699
C00002313,2701
C00002273,2706
C00002314,2708
C00003211,2723
C00001685,2725
C00002508,2727
C00003212,2733
C00002274,2735
C00002134,2738
C00002275,2780
C00002136,2803
C00003213,2805
C00002451,2808
C00003215,2810
C00000270,7453
C00002613,7505
C00001893,7509
C00003720,7512
C00000185,27173
C00000353,23292
C00007674,25979
C00029674,22469
C00001504,27407
C00000978,27409
C00019056,27430
C00007247,27432
C00003634,27481
C00025652,27482
C00027647,27482
C00001582,27483
C00003157,27493
C00003655,27495
C00018668,27504
C00002503,27510
C00003610,27511
C00007622,18697
C00007273,20747
C00000911,15948
C00025812,15950
C00007936,17276
C00007597,17279
C00002462,17313
C00002897,17323
C00001144,17332
C00007262,20000
C00018319,25461
C00001170,27371
C00001781,27375
C00000186,26863
C00029202,28051
C00030878,28054
C00002376,28064
C00000934,28068
C00001046,28086
C00002526,28088
C00006616,28090
C00003028,28093
C00003777,27448
C00007274,20710
C00000967,27400
C00000199,20712
C00000997,27566
C00001363,27570
C00000964,27587
C00002935,27589
C00002057,18723
C00002849,27598
C00001139,27603
C00000155,27607
C00003615,27614
C00000297,27616
C00003660,27620
C00019579,27625
C00002685,27632
C00007487,27633
C00001252,27640
C00000181,23051
C00007275,23057
C00007926,27655
C00002145,27656
C00003612,27663
C00008703,27669
C00001112,27672
C00007495,27676
C00008977,27686
C00019349,27688
C00003766,27705
C00003669,27709
C00000001,27717
C00030246,24012
C00001132,27520
C00001147,27522
C00022807,27533
C00002650,24233
C00015218,27461
C00003057,27474
C00006652,27475
C00001712,27478
C00009383,27479
C00003780,25501
C00026981,27539
C00030760,27542
C00024693,27543
C00000931,27547
C00000973,27552
C00018692,28098
C00000991,28103
C00018095,28354
C00003365,28356
C00000806,28359
C00003602,28373
C00002851,28377
C00001121,28393
C00000900,30037
C00007277,20714
C00007521,20716
C00007278,20717
C00007271,19812
C00001337,16865
C00003521,30853
C00024433,32074
C00018726,32079
C00005409,32082
C00017940,32086
C00018584,32155
C00001196,30775
C00002647,30778
C00028008,31683
C00000210,30913
C00019663,30918
C00000801,30935
C00000876,30939
C00001383,29063
C00002996,8
C00024655,31917
C00029148,32266
C00003037,299
C00010309,368
C00001293,28801
C00010885,10782
C00000868,30232
C00018738,3139
C00000004,32902
C00001260,7613
C00000008,28861
C00019355,28862
C00001223,28866
C00001228,28875
C00000345,29735
C00000349,29736
C00000899,29739
C00030152,28878
C00000760,28890
C00007464,16208
C00004632,16860
C00007605,30249
C00003653,27865
C00002695,27769
C00003163,27774
C00001732,27776
C00002398,27779
C00001229,27781
C00000905,27787
C00007450,29112
C00001426,18397
C00002775,27949
C00001757,27953
C00030644,27836
C00002028,27860
C00001370,18240
C00000754,30314
C00002381,28106
C00002569,8898
C00001199,30531
C00002658,17637
C00006778,32115
C00018470,32119
C00000614,17745
C00002698,28032
C00024438,32185
C00017936,32200
C00003780,32446
C00007484,17816
C00007361,31136
C00022813,32549
C00003377,9724
C00001250,5659
C00030099,31457
C00030804,31457
C00015999,31461
C00006698,31463
C00029172,32277
C00017825,32279
C00017826,32280
C00017830,32281
C00024623,31389
C00024635,31390
C00024385,31391
C00024372,31391
C00028042,31391
C00003182,10330
C00001119,28061
C00002807,3688
C00009535,16035
C00001934,3430
C00001832,3447
C00002456,3572
C00000855,29452
C00000438,29457
C00024382,31436
C00024384,31437
C00018805,31639
C00001510,28177
C00018690,28185
C00002814,4544
C00003251,4574
C00002220,4605
C00003042,4632
C00026095,18285
C00000422,15629
C00007621,16840
C00002705,7891
C00002353,7902
C00018659,29665
C00018708,29668
C00015907,29669
C00000753,29693
C00000333,29694
C00003524,5579
C00002171,5618
C00003714,5627
C00002088,5641
C00001253,5658
C00003560,10092
C00003188,10332
C00001116,10368
C00001952,10435
C00027934,10435
C00001763,28487
C00007374,16645
C00001269,28409
C00001265,28897
C00000301,28906
C00000789,28915
C00000999,28927
C00002450,28928
C00003599,28930
C00019350,28931
C00000398,28932
C00002502,28329
C00002828,28649
C00001226,28661
C00002941,28678
C00007523,30109
C00007627,16257
C00003040,28768
C00001222,28771
C00000977,28777
C00001429,28790
C00017622,29556
C00000336,29565
C00001407,28969
C00001770,28973
C00025213,28973
C00000871,28987
C00001124,28994
C00003053,28996
C00000425,34126
C00007474,33574
C00001194,1438
C00003664,28688
C00000984,28705
C00008295,28709
C00001217,28792
C00000752,29657
C00017648,31877
C00001739,715
C00002131,2438
C00001796,2536
C00002448,2599
C00004283,31788
C00024405,31789
C00018096,31808
C00030767,31832
C00007502,864
C00000150,32978
C00029471,32980
C00024391,31662
C00024425,31662
C00024370,31667
C00024392,31667
C00024659,31679
C00002529,5369
C00002607,5535
C00003580,5633
C00002251,5886
C00003437,5920
C00003155,6070
C00002833,6137
C00002097,6382
C00002931,6658
C00001749,6778
C00001423,7035
C00007409,30742
C00024413,31896
C00025312,31733
C00018736,31739
C00005137,31742
C00018813,31751
C00025315,31754
C00018062,32022
C00001299,10045
C00026817,31019
C00027638,31020
C00027777,31022
C00024626,31022
C00028351,31025
C00008805,31028
C00028793,31958
C00006755,31965
C00006767,31966
C00006630,31967
C00006639,31968
C00006722,31985
C00007376,27888
C00001396,27897
C00000012,30088
C00010604,30632
C00001290,671
C00001629,754
C00017655,32045
C00018209,32068
C00001211,28941
C00001509,28946
C00001857,28954
C00007380,27956
C00019558,27957
C00002285,27958
C00000136,27961
C00003642,27984
C00003047,28
C00001905,42
C00002574,118
C00001277,3695
C00001159,3767
C00003233,3850
C00003418,3902
C00002515,3917
C00001496,3927
C00003691,3950
C00001405,4109
C00019572,4188
C00003742,4313
C00001035,4327
C00000180,27722
C00003106,27723
C00000945,27725
C00001492,27732
C00001316,27733
C00002621,27901
C00007412,27904
C00001129,27907
C00025564,27920
C00002034,27920
C00001235,28194
C00009380,28197
C00003170,28205
C00000423,28209
C00002377,28215
C00003649,29012
C00001495,29014
C00030829,29019
C00003036,29020
C00000092,29022
C00001737,28121
C00000916,1159
C00017528,4726
C00001714,4740
C00001715,4751
C00003262,4835
C00002472,4853
C00001727,4948
C00001856,4967
C00003284,4982
C00002087,5187
C00003288,5240
C00002991,5276
C00003767,27793
C00003630,27799
C00002788,2579
C00001933,2744
C00002793,2812
C00000239,2849
C00003027,2866
C00002690,2883
C00002452,2905
C00002023,2931
C00017923,3010
C00002640,3104
C00016052,28001
C00002226,28012
C00004724,28018
C00002796,28268
C00003624,28271
C00000176,28277
C00003108,28283
C00000825,15402
C00002436,2108
C00003300,2294
C00008024,5731
C00001590,5767
C00003084,5954
C00003718,5988
C00001054,6006
C00002095,6024
C00010890,6041
C00002753,6054
C00002928,6065
C00001980,6083
C00000975,6118
C00001344,6199
C00002133,2734
C00002794,2823
C00002021,2900
C00006941,3237
C00003107,3355
C00001304,3586
C00003254,4790
C00002601,4914
C00002501,28126
C00019357,28131
C00003667,28135
C00026521,28136
C00003616,28143
C00002885,28152
C00001735,28172
C00001242,28411
C00000960,28412
C00003765,28425
C00002374,28426
C00000938,28429
C00003573,28431
C00020091,28436
C00001826,3300
C00002214,3331
C00002215,3341
C00002319,3350
C00003005,6895
C00002484,6929
C00002228,7021
C00003779,7037
C00003582,7730
C00002767,8256
C00016803,8352
C00003726,8692
C00001096,9024
C00010709,9403
C00003372,9441
C00024363,31222
C00004157,31227
C00018739,31230
C00002741,4918
C00026136,16512
C00024636,17031
C00001821,17031
C00001610,2429
C00002880,28571
C00001762,28572
C00026411,28582
C00029459,28591
C00002654,28591
C00001237,28592
C00006208,28596
C00007626,28599
C00024361,31154
C00024387,31154
C00007236,31157
C00025556,31167
C00025551,31170
C00017707,31178
C00000580,32374
C00000152,32374
C00024351,31045
C00018343,31057
C00002847,7635
C00002711,469
C00000424,34144
C00000424,34146
C00024355,31120
C00029260,32310
C00007441,28602
C00002632,28603
C00003656,28604
C00003647,28623
C00001249,28627
C00028347,34792
C00018710,34812
C00018742,34814
C00018743,34815
C00018744,34816
C00018746,34818
C00018747,34819
C00008808,33992
C00001631,4380
C00028162,4394
C00003246,4409
C00003249,4443
C00003345,7939
C00003169,8030
C00002106,8039
C00002299,8186
C00002707,8199
C00002561,8251
C00003351,8267
C00002636,28235
C00001263,28243
C00003363,9023
C00001767,9036
C00003185,9084
C00001958,9121
C00002262,9188
C00001401,30753
C00001975,5315
C00002649,5325
C00003134,5337
C00001044,5353
C00018183,5387
C00003713,5461
C00003800,29503
C00000869,29509
C00018269,29515
C00000339,29516
C00016540,29540
C00018117,34828
C00013593,1184
C00001359,28300
C00002031,28322
C00007511,28323
C00002300,8607
C00003313,6380
C00003316,6459
C00002052,6508
C00002544,6543
C00002180,6563
C00001067,6579
C00001576,6601
C00001545,6628
C00002779,9220
C00001665,9235
C00003018,9294
C00003489,9420
C00002238,9524
C00001776,9644
C00002076,9691
C00001115,28816
C00001248,28817
C00001209,28822
C00023774,28824
C00003674,28824
C00002236,28827
C00030117,28834
C00001231,28837
C00003776,28838
C00003639,28841
C00001238,28842
C00000583,28853
C00018031,28460
C00001679,28462
C00024294,28462
C00024452,28463
C00024465,28463
C00002934,28472
C00002724,16112
C00007299,18132
C00002111,8867
C00001092,8876
C00002197,8918
C00002058,7564
C00001894,7578
C00003167,7599
C00002309,7670
C00003557,9771
C00000310,9963
C00001785,10014
C00003522,29807
C00020635,17529
C00001240,28727
C00001126,28729
C00000019,28731
C00000926,27740
C00000020,27742
C00001364,27747
C00001308,27750
C00001846,27751
C00004685,27767
C00001213,30813
C00024346,17400
C00024300,17400
C00019688,15682
C00001117,28645
C00001115,27806
C00003056,27815
C00004647,27825
C00003636,27831
C00001188,30887
C00007595,16488
C00007292,16493
C00003141,5648
C00000217,5776
C00002830,5842
C00024344,5979
C00002430,5992
C00002174,6001
C00003308,6029
C00002478,6056
C00003156,6095
C00002432,6134
C00002425,4719
C00003516,4747
C00003256,4815
C00003666,28485
C00003462,781
C00002424,860
C00000135,36773
C00019634,16880
C00003158,6348
C00010590,6362
C00003629,6372
C00002224,6410
C00001651,6475
C00002839,6555
C00001574,6599
C00002184,6630
C00020647,6674
C00002890,6693
C00002186,6734
C00003491,37537
C00002740,4867
C00001134,36217
C00006614,27843
C00004963,28167
C00001326,37419
C00002470,192
C00002948,1406
C00002983,1458
C00003712,5372
C00002882,5382
C00002680,9781
C00000805,36740
C00002074,35280
C00003787,35288
C00003760,27867
C00001133,28554
C00029961,35697
C00000170,35697
C00001787,10016
C00029828,16990
C00002376,16726
C00005382,28529
C00008852,28117
C00026381,28362
C00000854,27934
C00001017,16778
C00002528,27514
C00004266,27994
C00000998,28327
C00001442,27826
C00001454,27761
C00002853,35796
C00001068,28314
C00003502,27408
C00022893,35328
C00000970,28775
C00000930,35330
C00022854,35331
C00001475,5409
C00010902,36492
C00027919,34554
C00002832,1177
C00027472,8589
C00002855,8605
C00003670,8629
C00001699,3323
C00003507,3338
C00003409,3352
C00001565,3383
C00003679,3425
C00000156,3440
C00002146,3452
C00001968,3519
C00003020,901
C00001902,8038
C00000989,8048
C00002850,8185
C00003173,8216
C00003601,10214
C00003241,10226
C00002700,10285
C00002114,9105
C00018213,15667
C00001206,15674
C00003682,3940
C00002148,3964
C00001760,8689
C00001391,8734
C00003421,2296
C00004990,2303
C00003496,2364
C00001960,2374
C00001930,2433
C00003399,2451
C00003063,10578
C00001153,9859
C00001432,15746
C00019351,15754
C00001154,28586
C00003187,9136
C00001138,9176
C00003643,2528
C00012893,2540
C00002312,2552
C00000820,37047
C00001800,2610
C00002077,2617
C00001993,2681
C00002635,2696
C00002132,2730
C00002209,2767
C00003214,2809
C00001810,2826
C00003499,2856
C00003072,2881
C00003501,2898
C00002942,2908
C00002589,2932
C00003698,2942
C00002141,2986
C00002871,2997
C00002278,3006
C00003741,3087
C00000880,28151
C00003074,3158
C00003646,3168
C00002281,3194
C00003606,3199
C00002144,3214
C00007391,37480
C00007448,4222
C00002815,28677
C00002697,5769
C00001257,6854
C00007384,7091
C00018369,34950
C00003622,28503
C00007290,28518
C00000976,28521
C00005413,28527
C00001168,28548
C00002723,3594
C00002874,3629
C00019574,28723
C00002962,6682
C00003321,6699
C00028253,29579
C00000015,29590
C00000036,29595
C00000051,29599
C00007360,29611
C00016928,29566
C00000014,29588
C00000037,29596
C00024284,29691
C00026059,29691
C00001843,4319
C00002464,4352
C00019690,35128
C00002190,7687
C00003536,7736
C00002103,7804
C00002893,7870
C00001516,37415
C00001441,4373
C00004704,3689
C00002913,3702
C00002029,3805
C00002243,27965
C00003511,3826
C00001838,3889
C00019676,37515
C00001338,6329
C00000994,8234
C00003095,8274
C00003353,8284
C00002667,8333
C00002359,8339
C00002563,8359
C00003476,8390
C00007393,37023
C00003425,4941
C00000640,23
C00003090,33
C00001888,38
C00002520,65
C00002047,93
C00001761,110
C00002366,120
C00010947,166
C00003325,6914
C00003327,6921
C00003331,6928
C00001751,6956
C00002352,7039
C00003058,8900
C00002070,8916
C00003548,8996
C00000276,5606
C00028334,5619
C00002044,5628
C00003774,5636
C00007606,371
C00000827,35596
C00003266,4923
C00003276,4934
C00002949,4946
C00029364,4946
C00001288,282
C00003487,9377
C00001669,9392
C00003757,9401
C00008743,9416
C00003490,9456
C00003373,9498
C00003555,9510
C00002676,9522
C00019628,9533
C00001297,9662
C00001298,9699
C00003596,9718
C00001578,7487
C00001658,7657
C00002079,7666
C00002440,35606
C00000803,15383
C00003799,34359
C00018673,34638
C00018116,34652
C00001189,28484
C00000870,29510
C00023799,34734
C00009707,34741
C00001325,7879
C00003094,7888
C00003168,7940
C00030830,35986
C00010870,36999
C00007598,35266
C00008126,34483
C00000420,34495
C00000393,34498
C00016901,34524
C00016902,34525
C00019348,36466
C00002307,9923
C00003389,9966
C00001515,9976
C00003559,9996
C00002447,10002
C00001459,10018
C00003394,10058
C00003024,10089
C00001456,9034
C00003097,9046
C00003367,9060
C00003280,708
C00002728,16547
C00003198,10339
C00003110,10357
C00002394,10361
C00010891,15399
C00000815,15406
C00007466,15412
C00000877,15419
C00007270,15467
C00001118,2179
C00001350,16934
C00007410,16997
C00002467,4513
C00003250,4566
C00002468,4583
C00003423,4661
C00003114,3573
C00007287,15811
C00007512,15999
C00027319,3540
C00002324,3540
C00002696,5060
C00002161,5093
C00002923,5270
C00002952,5313
C00007415,16168
C00001155,16177
C00019570,16288
C00000554,16368
C00004721,16400
C00007231,16436
C00007516,36799
C00003132,16619
C00001142,28053
C00001195,28880
C00030105,34668
C00007232,25863
C00000334,36096
C00007268,17407
C00000907,17407
C00001022,2979
C00007321,33203
C00007338,17530
C00001215,28364
C00000408,28364
C00023582,34907
C00010301,98
C00002348,6566
C00002261,28374
C00007561,17150
C00001219,39567
C00019630,38342
C00007459,17981
C00004692,18016
C00002933,18082
C00007533,18112
C00000778,18165
C00023634,18171
C00007365,18185
C00001031,3690
C00003117,3711
C00003567,3862
C00002914,3883
C00003689,3947
C00003614,4351
C00001279,4364
C00001813,28780
C00007465,28785
C00002460,28794
C00007505,28803
C00000735,28855
C00030100,28903
C00018724,28945
C00001977,28981
C00007506,18335
C00027111,18363
C00007241,18374
C00002230,106
C00011607,125
C00003710,5370
C00002816,4633
C00003620,4669
C00001675,2502
C00003696,2521
C00001931,2741
C00027867,2741
C00003604,2878
C00002081,2928
C00004633,2945
C00003504,2961
C00003506,2999
C00001711,3253
C00003608,3299
C00001836,3546
C00003361,8856
C00002708,8899
C00003588,8915
C00000034,29593
C00000009,29605
C00009382,29608
C00017728,29619
C00017629,29676
C00001572,5724
C00001645,5858
C00002000,5933
C00001870,5996
C00007440,692
C00016801,720
C00002643,146
C00002287,3868
C00003253,4770
C00001077,7642
C00001925,9597
C00000547,40303
C00000958,4806
C00002989,4919
C00002427,4936
C00002603,4976
C00002030,10561
C00001443,10626
C00000968,28230
C00027467,28241
C00001899,28241
C00002487,28368
C00002101,6980
C00007377,37737
C00002571,9045
C00003481,9135
C00003486,9290
C00002237,9438
C00003375,9516
C00018807,9555
C00003786,9638
C00001395,9690
C00002583,9971
C00001607,10025
C00002370,10116
C00003115,10220
C00002406,10328
C00002616,10437
C00001539,27470
C00002573,27494
C00001174,37600
C00003466,28366
C00003031,39100
C00024436,32117
C00017937,32202
C00006217,32298
C00007240,32304
C00007339,17381
C00029058,17559
C00007599,30907
C00019650,17617
C00002743,17620
C00019543,17666
C00025632,17772
C00000761,17905
C00027600,31027
C00027784,31027
C00024353,31086
C00006775,31121
C00007532,31132
C00001854,27795
C00002671,27810
C00001241,38300
C00000487,32807
C00007331,29589
C00010564,5301
C00002651,5354
C00003538,37658
C00007929,28523
C00010117,28556
C00002542,28620
C00004677,8695
C00018064,10696
C00001369,27429
C00000053,27433
C00015234,34349
C00001354,27940
C00000029,28040
C00024647,17209
C00001847,17209
C00007443,17380
C00019692,17596
C00007607,18032
C00000304,18091
C00000799,18124
C00007389,18205
C00019691,43468
C00001230,44247
C00002280,41001
C00001202,41865
C00002518,42202
C00004579,42567
C00001040,42491
C00007423,42504
C00001570,42944
C00017972,45353
C00007422,45919
C00001247,45758
C00019629,90364
C00001346,41401
C00002096,6080
C00000719,6097
C00002999,6115
C00001335,6173
C00002405,7018
C00001600,7032
C00001538,37573
C00008818,42255
C00002900,1736
C00003782,7623
C00002848,7716
C00002387,133365
C00000990,8113
C00003472,8266
C00001904,8303
C00002068,8603
C00002441,8623
C00001236,8638
C00001425,44715
C00029420,44369
C00002837,44401
C00002866,46245
C00000918,40968
C00000555,42223
C00029536,40813
C00001113,40886
C00003416,42471
C00007309,44747
C00000743,44788
C00018782,45257
C00002903,45713
C00027872,45367
C00002365,45863
C00001128,42606
C00007455,42660
C00009677,43129
C00007326,48991
C00006973,48967
C00000737,48968
C00001368,47815
C00019580,47987
C00030512,49662
C00018686,50694
C00009384,50399
C00007676,50703
C00002485,132623
C00000610,50305
C00019578,46143
C00018099,50205
C00007637,46971
C00002663,49000
C00013224,46702
C00007242,49263
C00007476,50260
C00007647,50261
C00007646,50262
C00029834,49164
C00007559,50037
C00000883,50061
C00007272,50586
C00007594,50710
C00007652,50713
C00007649,50714
C00007508,47904
C00007307,48066
C00019660,48517
C00003133,48635
C00029528,49584
C00012454,49292
C00002770,50371
C00007572,49310
C00000816,50025
C00003049,50542
C00000620,50545
C00002046,46750
C00003428,46762
C00007472,48153
C00002735,48400
C00003526,46707
C00001550,46905
C00000908,48861
C00001123,47953
C00008342,48026
C00001117,48095
C00007226,51793
C00007677,50704
C00007565,50616
C00017127,50845
C00007325,46570
C00029979,48707
C00023617,48209
C00001161,48299
C00018091,48947
C00000571,48948
C00001353,48950
C00002053,48723
C00007364,47771
C00007363,47772
C00002842,65842
C00002531,52127
C00017520,52026
C00030498,52023
C00000797,52136
C00002943,3008
C00003728,67309
C00000651,67347
C00003415,67461
C00004636,67492
C00003731,66486
C00009688,50118
C00002845,48202
C00002778,64557
C00002549,66703
C00009685,52086
C00002325,64977
C00023664,64983
C00023663,64983
C00001284,66722
C00000919,17579
C00023672,52289
C00016684,65619
C00002975,65478
C00007375,50602
C00024643,17789
C00000127,62724
C00000128,62725
C00023134,62743
C00002591,65684
C00007261,52972
C00007456,15700
C00019554,68507
C00019345,68678
C00007596,16026
C00002692,4316
C00002343,5720
C00003048,78334
C00001889,17303
C00007609,16629
C00001538,16603
C00023743,17737
C00001255,28415
C00007490,16508
C00001123,28860
C00002777,16353
C00008239,67897
C00004635,6052
C00001034,3960
C00007994,28150
C00003520,67987
C00003795,9426
C00001104,9395
C00002683,18346
C00029531,18346
C00001439,2748
C00002537,68051
C00006615,8893
C00003575,74023
C00002255,67712
C00003519,67986
C00013592,16546
C00002225,28193
C00005226,8878
C00003565,2938
C00005165,31743
C00005208,31744
C00004634,74992
C00002762,68234
C00002895,28814
C00016021,2376
C00024446,68310
C00024429,68312
C00002674,68329
C00005373,68352
C00003298,5635
C00019282,17622
C00016023,65716
C00003702,68931
C00009453,70031
C00001764,70069
C00005730,70082
C00007569,18407
C00001830,68991
C00002863,34974
C00003676,69120
C00018105,73481
C00001283,69236
C00007468,15676
C00003397,10103
C00003592,28933
C00003677,10041
C00000969,74960
C00019659,15757
C00007379,15757
C00003023,70327
C00002714,70353
C00003470,70576
C00002554,69437
C00001756,69444
C00002641,69478
C00003826,5326
C00004646,70007
C00002482,69990
C00002513,70034
C00002512,70036
C00005138,30200
C00002014,2670
C00003218,69335
C00003196,69621
C00002577,9429
C00002576,9428
C00002737,70453
C00001680,70499
C00000108,16031
C00001549,15805
C00019638,16298
C00003467,17327
C00003350,8206
C00002633,69669
C00002509,3081
C00002524,5018
C00006118,5304
C00002534,5730
C00003482,70548
C00003435,70549
C00003750,69744
C00010137,5963
C00001878,70649
C00001259,16482
C00002713,35616
C00002862,69533
C00003073,69796
C00003075,69797
C00006229,69814
C00002490,69830
C00002488,69832
C00003528,69370
C00001753,69934
C00025214,9479
C00002020,2814
C00000613,64555
C00003770,65244
C00007266,16136
C00001193,30794
C00019173,73030
C00002391,2543
C00024000,74926
C00003492,9603
C00002917,75633
C00008764,2929
C00000946,3244
C00001026,3613
C00013595,3718
C00008768,4536
C00004362,4631
C00006188,7500
C00003208,2542
C00027138,4393
C00000954,2156
C00001005,9199
C00002543,6521
C00002557,7910
C00000853,17221
C00003632,7522
C00001076,7602
C00006382,7513
C00000986,7502
C00001349,3875
C00006735,31799
C00003518,77148
C00003029,3830
C00000988,7729
C00001355,16457
C00001367,5757
C00000923,62505
C00002615,10324
C00000112,28238
C00000602,67246
C00002277,78734
C00003438,66075
C00001201,17521
C00007301,17775
C00003209,2620
C00002015,74
C00001708,87
C00003038,10360
C00000844,10360
C00007504,16410
C00002870,2899
C00006619,5728
C00003794,75095
C00000093,17874
C00007470,30837
C00000873,2766
C00000024,32906
C00002461,3907
C00000564,34848
C00007557,25618
C00029643,28918
C00002063,28747
C00008594,2213
C00000952,2244
C00001906,16415
C00003841,34357
C00008029,6694
C00002566,8616
C00000955,4714
C00002804,3682
C00000601,66470
C00002195,8883
C00003426,78274
C00003459,743
C00003206,2439
C00003690,3948
C00007351,73200
C00001145,16634
C00002619,75251
C00003607,3201
C00002789,2607
C00003067,78315
C00003039,28671
C00003374,9499
C00007630,64361
C00023770,27693
C00003672,27693
C00018680,8417
C00001015,2631
C00000894,9053
C00011400,16310
C00000834,488
C00007396,15652
C00017921,75244
C00002065,28821
C00002491,8034
C00001402,3210
C00000107,17566
C00010979,64213
C00002560,109
C00002963,67547
C00002689,2781
C00001581,2621
C00018188,2624
C00001684,2625
C00001261,32948
C00007463,16582
C00002382,5989
C00022822,62474
C00003006,70148
C00000116,33070
C00016927,9200
C00017595,8351
C00001403,18127
C00002500,16065
C00001564,70240
C00002704,69581
C00002597,4429
C00018905,64649
C00018906,64650
C00016733,64650
C00003651,16688
C00002798,3096
C00007507,17515
C00001043,75718
C00002846,28849
C00002950,67521
C00003525,5580
C00001577,70169
C00016361,69052
C00000300,69040
C00002496,69039
C00002672,17814
C00019583,63153
C00001508,17802
C00001430,9171
C00001900,68994
C00000995,66773
C00002981,69499
C00018283,63207
C00000992,28157
C00000909,62466
C00007537,76072
C00017818,29505
C00002693,69446
C00003424,70378
C00002249,5193
C00002286,3802
C00027607,31919
C00024414,31919
C00028390,31723
C00007611,31134
C00018679,32289
C00025922,34802
C00028430,80014
C00017555,80015
C00018774,80017
C00018282,80018
C00018488,80019
C00017560,80020
C00016853,80023
C00018019,80025
C00028252,80029
C00015653,80034
C00015654,80035
C00015655,80036
C00015656,80037
C00017683,80042
C00018695,80051
C00016576,80057
C00028807,80063
C00028809,80064
C00028808,80065
C00016893,80070
C00016029,80081
C00018097,80083
C00018471,80084
C00018701,80085
C00017659,87399
C00007524,80094
C00007527,80097
C00007522,20760
C00015180,80125
C00022847,80133
C00022845,80134
C00022848,80135
C00022852,80148
C00022894,80149
C00022891,80150
C00022898,80154
C00000927,138077
C00018745,34817
C00022902,80162
C00022806,80166
C00022819,80167
C00022820,80168
C00022851,80169
C00023026,80184
C00022816,80196
C00000929,80216
C00000917,80217
C00002771,8994
C00002454,65552
C00002378,3978
C00023013,64792
C00023064,64793
C00009413,80369
C00010089,80373
C00010083,80389
C00010183,80390
C00010184,80391
C00019387,80392
C00000649,80393
C00009539,80394
C00000650,80395
C00019473,80396
C00022999,80414
C00023065,80415
C00022996,80416
C00022906,80419
C00023214,80427
C00006824,80435
C00006705,80439
C00006708,80441
C00002955,5973
C00002956,5982
C00001334,28825
C00002957,6017
C00003070,2622
C00009389,17793
C00022804,80461
C00014820,80468
C00006756,80475
C00006801,80476
C00006933,80484
C00006974,80485
C00007881,80486
C00020071,80488
C00008731,80490
C00008144,80491
C00007603,80493
C00007556,80498
C00000095,20833
C00007397,80544
C00004763,31763
C00004956,17730
C00005374,17558
C00000773,80587
C00000772,80591
C00000768,80592
C00026361,80682
C00001875,76105
C00000957,76125
C00007519,72330
C00007518,72331
C00014039,75435
C00000405,32389
C00006224,75439
C00018395,80701
C00026163,80702
C00026164,80703
C00010724,80704
C00023619,80705
C00023618,80706
C00018763,80712
C00011651,80719
C00011445,80721
C00000567,80725
C00024781,80727
C00000367,80730
C00030923,80732
C00008662,80744
C00010581,80745
C00029041,80765
C00016806,80777
C00016807,80778
C00003969,79466
C00003977,79477
C00013301,79509
C00000248,80847
C00021647,80856
C00000215,80923
C00010394,80928
C00010392,80929
C00010402,80930
C00010454,80931
C00010453,80932
C00010457,80933
C00010464,80934
C00010463,80935
C00010462,80936
C00011654,80937
C00011692,80938
C00011941,80939
C00026548,80956
C00007418,80959
C00007648,80965
C00007644,80966
C00007645,80968
C00007643,80971
C00007653,80972
C00007654,80974
C00007650,80975
C00008277,79542
C00007651,80977
C00003683,3941
C00003685,3943
C00000932,63067
C00007535,16424
C00007324,62881
C00003883,79628
C00008234,79637
C00029335,64280
C00001380,73169
C00018876,79730
C00002868,18067
C00002489,69833
C00000100,16411
C00001551,16709
C00000114,17890
C00001184,17859
C00007388,17464
C00023903,29013
C00019657,30933
C00002578,9442
C00002291,4743
C00019356,16192
C00003778,6602
C00003657,16521
C00007285,17138
C00000403,34154
C00019680,15504
C00004624,75092
C00002586,10038
C00007366,18145
C00003535,77149
C00003879,35047
C00006230,9992
C00003931,9582
C00019555,70765
C00000096,71693
C00001171,15963
C00002645,17847
C00000044,28211
C00002745,5196
C00010937,149
C00002590,3737
C00029547,412516
C00001718,4819
C00006184,3421
C00003527,5634
C00001254,5672
C00002951,5279
C00004562,75107
C00001736,5623
C00007286,17050
C00007381,16675
C00005956,32080
C00005446,32083
C00002920,4916
C00007540,16566
C00002396,961
C00001149,1230
C00028131,4331
C00001845,4331
C00001794,2534
C00001795,2535
C00002439,8368
C00008046,66905
C00000804,9577
C00003064,9577
C00001710,3930
C00002043,5576
C00001409,15407
C00001616,2909
C00004680,75164
C00003050,15421
C00025193,16060
C00001778,9775
C00008030,6412
C00001701,3363
C00002752,27794
C00005372,67486
C00003505,2994
C00001135,28782
C00001131,28552
C00023620,78576
C00008060,66907
C00002675,66964
C00003461,78258
C00001916,17225
C00002568,28201
C00007269,15345
C00001523,73154
C00000705,3222
C00024322,16408
C00024338,16408
C00025252,16563
C00004565,28499
C00001805,2740
C00002978,2440
C00017631,29582
C00002511,3162
C00003364,16363
C00027948,15353
C00016063,15353
C00007568,15793
C00000886,15610
C00003062,10447
C00007494,16892
C00002351,6701
C00003617,28544
C00001797,2537
C00003132,28600
C00001498,16040
C00025302,31504
C00026388,75926
C00002558,17556
C00002559,17556
C00018487,63285
C00008975,74812
C00019582,62168
C00009385,74957
C00000104,27823
C00000277,5607
C00000606,6698
C00000942,27679
C00001517,4031
C00003045,4999
C00011027,4999
C00002110,63924
C00001203,16119
C00001181,29003
C00001172,15975
C00002598,4553
C00002384,75030
C00000318,28579
C00003191,9192
C00001212,61391
C00000568,3687
C00007636,15385
C00024660,78373
C00019283,5019
C00000852,78396
C00009392,34778
C00007304,17436
C00018797,29703
C00001003,9144
C00001004,9143
C00001002,9138
C00001436,2372
C00002784,2373
C00002958,636
C00002974,9371
C00002834,6141
C00002642,3359
C00001351,15356
C00007323,15356
C00001677,2519
C00007255,75837
C00002863,9112
C00011045,3381
C00000839,3381
C00003085,26
C00000172,2366
C00002371,2369
C00001557,2415
C00006994,18131
C00002946,65480
C00002822,4778
C00003845,4932
C00002637,2760
C00002541,16832
C00002510,17574
C00002545,27917
C00002781,27917
C00002797,2991
C00002445,8908
C00029816,32325
C00000003,28833
C00000565,63618
C00001371,28171
C00003411,3443
C00000771,72700
C00001050,75902
C00001621,3187
C00001468,5402
C00000983,28819
C00000693,73468
C00001143,73992
C00001262,7612
C00019576,16576
C00003043,15384
C00000823,15384
C00018737,72725
C00001773,16776
C00001094,8881
C00002218,4055
C00007099,66331
C00001016,2769
C00002930,6647
C00002331,3932
C00003785,8907
C00001891,73237
C00003079,4685
C00001064,6147
C00002347,6461
C00003098,18002
C00000811,15410
C00002681,9909
C00001012,9915
C00003008,7719
C00007486,28263
C00000356,28857
C00007378,17549
C00001683,2612
C00019656,17769
C00000674,15864
C00018684,16348
C00001783,28445
C00003091,7518
C00003092,7519
C00001336,2596
C00003618,4551
C00001554,9440
C00013328,507499
C00006777,6972
C00001740,5832
C00003311,6358
C00026041,9260
C00016835,31738
C00001372,6248
C00001709,3887
C00001742,5853
C00001411,28948
C00003407,3291
C00002701,6574
C00001534,17439
C00002431,6133
C00000006,29602
C00000007,32903
C00001861,5373
C00003478,8809
C00002057,17688
C00024529,18362
C00002264,9190
C00003120,10224
C00000775,18385
C00003093,7747
C00000005,29598
C00002498,9055
C00001820,3092
C00003201,10022
C00002522,4357
C00001234,28716
C00029354,28716
C00001849,4781
C00000218,18292
C00000144,15794
C00003245,244418
C00001474,5408
C00002435,969
C00003485,9271
C00001520,8047
C00002056,7051
C00002801,3556
C00003068,2515
C00018785,7989
C00003711,5371
C00018818,29702
C00003192,9381
C00002327,27882
C00001272,2501
C00001048,27673
C00020051,80749
C00029423,34118
C00003633,472805
C00001024,2981
C00003574,27729
C00019636,17625
C00000619,4917
C00003637,28332
C00002474,5170
C00002835,6377
C00006927,519567
C00000311,520527
C00000316,525464
C00000722,435764
C00018711,171741
C00003359,223316
C00000800,127780
C00006925,310312
C00002471,490095
C00003200,230243
C00002907,581177
C00001347,609827
C00029504,545959
C00002599,543841
C00014808,55335
C00008297,59015
C00000987,59016
C00006709,55455
C00007520,59411
C00018229,59560
C00007467,59945
C00013329,59979
C00019621,16160
C00006278,31143
C00018850,60584
C00007485,17042
C00000448,60959
C00019660,15318
C00034314,15908
C00017127,27701
C00000613,28386
C00034882,32892
C00030879,32926
C00032307,32936
C00030471,32941
C00001161,17113
C00035628,32425
C00007426,32365
C00007412,33946
C00036581,28122
C00035885,30765
C00033834,37654
C00035592,46050
C00018633,50130
C00040190,48045
C00003458,82800
C00023144,83048
C00019065,67939
C00037418,67821
C00018632,79034
C00023624,78582
C00043196,62205
C00023141,79065
C00049734,82799
C00050489,7912
C00042744,82822
C00025995,70651
C00029068,80033
C00011040,83263
C00005140,80790
C00041015,80840
C00018722,81419
C00018184,82809
C00030478,32940
C00042269,31249
C00007257,15468
C00048928,18427
C00001166,18266
C00034614,32943
C00034470,68641
C00018791,83267
C00015733,82660
C00028779,83318
C00030223,31572
C00032358,66230
C00047114,66278
C00030922,66723
C00019491,67914
C00037560,84867
C00014185,85127
C00042023,86529
C00014340,85145
C00031999,73097
C00030828,84268
C00007310,86071
C00015074,84360
C00018877,83849
C00031682,84408
C00041947,66275
C00017061,84057
C00006435,70331
C00006432,70330
C00013668,85149
C00005949,85151
C00036712,63701
C00031329,66446
C00031328,66445
C00031330,66447
C00005157,80528
C00006092,80529
C00044191,80754
C00017102,84035
C00009777,80832
C00004220,80895
C00004567,80897
C00034908,80944
C00008219,81054
C00019183,81093
C00007149,81094
C00008343,81163
C00003938,81339
C00006268,81360
C00003838,81336
C00035575,80489
C00018799,85005
C00010081,85135
C00022094,83953
C00035987,86062
C00034542,5834
C00009457,31064
C00018155,83924
C00001345,85533
C00011630,62760
C00018665,85412
C00018664,85416
C00007337,86068
C00035100,2181
C00029422,32154
C00035700,43003
C00007406,87614
C00023095,87121
C00036320,87123
C00046713,4344
C00047211,27641
C00044747,31550
C00027774,88049
C00030220,88452
C00000357,88528
C00010335,88534
C00020067,88732
C00038654,88353
C00038312,87124
C00035613,87426
C00034880,34787
C00031437,17336
C00033652,82392
C00034765,80946
C00010935,81151
C00000703,81555
C00010974,89263
C00029455,89284
C00032163,89400
C00035501,89484
C00040794,89493
C00034746,88903
C00007414,89058
C00021986,89061
C00036262,89254
C00035115,88817
C00020376,88873
C00021884,88874
C00034763,89197
C00029515,1879
C00036847,90893
C00030759,69188
C00035247,91026
C00044529,90205
C00045068,90127
C00035495,80945
C00030881,89870
C00010905,89920
C00035785,89945
C00050007,91024
C00034756,89743
C00017847,90888
C00007201,90896
C00003312,90275
C00007347,15414
C00001437,17019
C00000233,37420
C00016952,51460
C00018852,90941
C00049756,132351
C00033918,132870
C00048188,15891
C00012788,132903
C00020578,90267
C00034017,90272
C00017846,131528
C00040946,86612
C00038659,86635
C00037548,132346
C00035772,132348
C00049755,132349
C00034519,133759
C00034441,133760
C00019122,133348
C00002559,108
C00006793,131449
C00026624,79394
C00034881,90344
C00023035,91165
C00006904,131453
C00033484,91266
C00022251,91267
C00010825,80788
C00025534,88274
C00018715,88275
C00021850,61677
C00037925,91126
C00034018,90280
C00033520,90283
C00005438,131499
C00021852,131503
C00016987,81377
C00040123,133779
C00010796,132850
C00008440,132856
C00008430,132857
C00008443,132859
C00008442,132860
C00025153,132696
C00025155,132697
C00048303,80447
C00030109,132314
C00025272,132715
C00034731,132336
C00044552,133762
C00031097,51209
C00042247,133846
C00037290,132341
C00037953,132371
C00037952,132372
C00038014,132375
C00041946,132382
C00039396,132389
C00043510,132393
C00013134,132152
C00005436,131498
C00007452,131603
C00042001,131956
C00049947,132399
C00029680,132401
C00039281,132245
C00004061,132869
C00025782,132894
C00025994,132895
C00013192,132334
C00037955,132338
C00035774,132352
C00035883,132353
C00035884,132354
C00051540,132373
C00036478,132374
C00046976,132383
C00046977,132384
C00046978,132385
C00013118,132386
C00046512,132387
C00044551,133761
C00041262,132381
C00039395,132388
C00039397,132390
C00036873,132380
C00000015,133339
C00000117,21484
C00032864,27628
C00033837,31575
C00000110,28311
C00007327,47791
C00036569,47248
C00006210,131779
C00010078,133395
C00006142,131792
C00030108,69042
C00029255,132640
C00028038,132641
C00028277,132642
C00037693,132663
C00005538,132898
C00048331,132899
C00020065,132905
C00020154,132906
C00007677,134685
C00014029,131754
C00009690,133347
C00005234,133218
C00000221,133220
C00005182,133224
C00007873,133478
C00000299,133480
C00037864,69041
C00025655,81200
C00027743,132636
C00028276,132637
C00031692,132638
C00007212,132648
C00032698,132649
C00041404,132650
C00041535,132647
C00043227,134104
C00021364,132864
C00047031,134016
C00038071,132832
C00035183,132626
C00028417,132628
C00028671,132629
C00028990,132631
C00026034,132720
C00032004,132820
C00010913,134313
C00022866,132452
C00048262,132847
C00017752,133621
C00005431,133244
C00005432,133245
C00006336,131831
C00045083,131837
C00006125,131838
C00026048,132718
C00025775,132719
C00032759,132791
C00007192,132821
C00023769,132823
C00000149,132824
C00027291,132825
C00033470,132826
C00033538,132902
C00037588,132615
C00007398,80545
C00031982,134301
C00043300,133847
C00007676,134684
C00027683,132633
C00031033,132658
C00025200,132666
C00025199,132667
C00033281,132789
C00007352,132553
C00013191,132512
C00004461,131775
C00004444,131776
C00004462,131777
C00018998,133413
C00010954,132788
C00011060,132792
C00033623,132793
C00029818,132831
C00031346,132712
C00034431,133325
C00033541,34238
C00000838,50250
C00000857,50029
C00000184,50031
C00019683,47947
C00026228,136404
C00026209,136452
C00003379,10552
C00034268,140259
C00014475,136826
C00007100,136828
C00023805,70315
C00018634,70291
C00050446,88764
C00008864,136552
C00008869,136553
C00000643,133905
C00006636,134007
C00047030,134015
C00023080,139514
C00003894,136666
C00028700,134213
C00031398,138961
C00021300,137522
C00033270,138236
C00019525,138945
C00033631,138303
C00000879,138219
C00031759,134480
C00019655,138560
C00015132,140297
C00000507,138247
C00012803,138040
C00041376,138047
C00023218,138919
C00023097,139515
C00009348,136609
C00026182,136430
C00022775,138302
C00035519,136852
C00008012,139483
C00035830,5356
C00043487,138224
C00029763,134355
C00019878,134358
C00020066,138042
C00012714,138051
C00025347,134199
C00026194,136490
C00026229,136405
C00023140,138599
C00042579,138631
C00010806,133889
C00021718,134189
C00041163,134192
C00012561,134193
C00051791,16829
C00051968,17037
C00007336,20582
C00051782,17294
C00034233,28513
C00029424,41128
C00024463,70507
C00049103,141878
C00025859,141897
C00024615,141964
C00025223,141966
C00040643,141967
C00005166,136785
C00016286,142874
C00035881,82334
C00000391,82464
C00030900,81485
C00035492,63327
C00036460,63558
C00036489,63559
C00035766,141209
C00021356,142257
C00021971,143197
C00006380,142905
C00027100,140440
C00014232,142529
C00023717,142636
C00051574,142657
C00012005,141221
C00027101,141613
C00015893,140850
C00008407,141996
C00000118,142268
C00026055,142075
C00019031,142266
C00045816,142990
C00023868,142261
C00051845,141633
C00051965,141642
C00010050,142265
C00026496,140443
C00010642,143821
C00035244,143911
C00024334,142029
C00000138,136947
C00050708,143848
C00050253,143869
C00036628,136941
C00011879,141117
C00011831,141126
C00012380,142465
C00000119,141335
C00016931,141338
C00023666,141340
C00011880,141118
C00033243,125678
C00033235,141540
C00005411,136778
C00035138,141210
C00016347,141380
C00007624,136950
C00007348,136956
C00029331,142592
C00051572,89199
C00030402,142487
C00016999,143779
C00035479,144070
C00031283,69240
C00004653,144861
C00025654,145336
C00005729,75813
C00023992,145112
C00023904,62460
C00028381,77772
C00030836,81264
C00039874,145686
C00000534,145070
C00010639,144482
C00034755,143912
C00051882,31130
C00030130,144078
C00043254,141361
C00051826,145683
C00004761,145786
C00032497,145543
C00010884,145806
C00030754,145828
C00007991,145829
C00035246,144075
C00006047,144419
C00023175,145012
C00039666,145146
C00039664,145168
C00041362,145105
C00039667,145144
C00040357,144086
C00026966,144087
C00026969,144088
C00006047,144431
C00036203,145022
C00025704,146256
C00010311,144575
C00016436,144410
C00000740,145084
C00034697,145029
C00034696,145030
C00017974,146279
C00024459,145195
C00023322,145550
C00052019,145684
C00039873,145685
C00034695,145024
C00024457,6510
C00012184,144560
C00012155,145104
C00050442,46511
C00018842,75276
C00008193,80845
C00050485,89831
C00051186,90194
C00029246,29707
C00029812,141411
C00041581,147399
C00044717,144400
C00008516,156111
C00034456,80940
C00000549,150867
C00010785,149585
C00046255,156291
C00018754,156219
C00020145,156227
C00036784,149660
C00000569,150013
C00020150,156223
C00033734,156224
C00037113,156226
C00021217,156228
C00035016,156233
C00034233,156246
C00008882,156284
C00023873,156195
C00017973,156148
C00020283,155904
C00000573,155891
C00043991,155892
C00056020,28063
C00053555,67304
C00044726,67357
C00018677,51763
C00053491,65037
C00038282,68194
C00018653,156452
C00034312,139388
C00010876,113532
C00043743,125610
C00012651,138861
C00018700,156351
C00048080,156498
C00040188,156357
C00018376,156550
C00012644,157603
C00006957,157718
C00018669,157683
C00016344,157684
C00018689,156546
C00016595,167320
C00018843,157681
C00018551,167004
C00023609,156448
C00007322,166888
C00053749,34967
C00051874,167211
C00051875,167213
C00037932,36007
C00034487,34727
C00000552,167604
C00035853,165745
C00053033,167557
C00051876,18049
C00008817,31018
C00053120,28262
C00051761,34970
C00029427,68701
C00056548,167712
C00011728,80830
C00051703,166564
C00023613,156447
C00026238,166873
C00051985,2089
C00029476,454991
C00048276,88912
C00050146,172936
C00026479,171659
C00054011,138028
C00031956,167003
C00031957,167002
C00011971,172935
C00047099,173105
C00021582,172926
C00021580,172925
C00051957,691622
C00007386,16905
C00053736,18315
C00007245,17009
C00052106,16797
C00053424,15651
C00052222,15727
C00035044,33270
C00035101,33277
C00011322,23527
C00037416,42600
C00050467,27786
C00026975,66104
C00028361,78330
C00056080,68241
C00048823,68236
C00011307,68798
C00032012,86904
C00035060,33275
C00048560,89816
C00052160,17405
C00053179,144571
C00029339,141283
C00027156,177872
C00031831,177873
C00010576,178050
C00003166,7524
C00037580,168822
C00029970,176809
C00014974,176432
C00053324,177384
C00054813,174128
C00050911,176782
C00031626,172934
C00034757,173119
C00053425,15647
C00047986,177359
C00053119,27372
C00052036,27978
C00016002,46024
C00043907,67731
C00044855,69134
C00008978,140078
C00039452,81484
C00046373,67606
C00055525,9506
C00016647,167111
C00034514,180832
C00000341,183055
C00058090,173382
C00023251,180470
C00023252,177907
C00026982,183083
C00038658,86592
C00031034,107644
C00016531,184373
C00016936,582124
C00010325,144708
C00008291,139458
C00052632,88838
C00042792,28313
C00052140,89511
C00040181,189704
C00028345,190009
